email_content,is_purchase_order
"Subject: Monthly Newsletter

Dear Subscriber,

Here's our latest update on Inc activities.

Key Highlights:
- New product launch
- Upcoming events
- Industry insights

Stay tuned!

Regards,
Marketing Team",0
"Subject: Job Application Acknowledgement

Dear Lisa Rodriguez,

We have received your job application for the Retail buyer position.

We will review your application and get back to you soon.

Thank you,
Salinas, Sheppard and Mcdaniel HR Department",0
"Subject: Product Order Confirmation

Order Details:
PO Number: PO-48423
Customer: Francis Ltd

Item List:
1. best - Quantity: 3
2. across - Quantity: 32

Total Order Value: $4899.61
Payment Terms: Net 30
Delivery Instructions: Class TV line red require tell service participant.

Regards,
PLC Purchasing Department",1
"Subject: Product Order Confirmation

Order Details:
PO Number: PO-60038
Customer: Huff, Young and Reid

Item List:
1. deal - Quantity: 16
2. either - Quantity: 25

Total Order Value: $1034.43
Payment Terms: Net 30
Delivery Instructions: Step from win give.

Regards,
and Sons Purchasing Department",1
"Subject: Purchase Order #1680

Dear Weber, Schneider and Harrington,

This is a purchase order for the following items:

Item: above
Quantity: 40
Unit Price: $163.99
Total Amount: $1849.47

Purchase Order Number: PO-71057
Customer: Best Inc
Contact: Beth Munoz
Email: xtaylor@example.com

Delivery Date: 2025-01-01

Best regards,
Jensen and Sons",1
"Subject: Purchase Order #1809

Dear Hughes Ltd,

This is a purchase order for the following items:

Item: heart
Quantity: 66
Unit Price: $337.72
Total Amount: $2642.03

Purchase Order Number: PO-20698
Customer: Smith, Mcdaniel and Lynch
Contact: Taylor White
Email: bbass@example.net

Delivery Date: 2024-12-16

Best regards,
Reeves-Cooke",1
"Subject: Purchase Order #2582

Dear Wolfe, Malone and Koch,

This is a purchase order for the following items:

Item: certain
Quantity: 11
Unit Price: $151.45
Total Amount: $871.04

Purchase Order Number: PO-60862
Customer: Jensen, Whitaker and Ibarra
Contact: Walter Brown
Email: jsmith@example.com

Delivery Date: 2024-12-03

Best regards,
House-Rogers",1
"Subject: Monthly Newsletter

Dear Subscriber,

Here's our latest update on LLC activities.

Key Highlights:
- New product launch
- Upcoming events
- Industry insights

Stay tuned!

Regards,
Marketing Team",0
"Subject: Product Order Confirmation

Order Details:
PO Number: PO-86712
Customer: Arias-Beck

Item List:
1. make - Quantity: 39
2. within - Quantity: 23

Total Order Value: $1617.52
Payment Terms: Net 30
Delivery Instructions: Economy bring wind history safe discuss.

Regards,
Inc Purchasing Department",1
"Subject: Job Application Acknowledgement

Dear Lisa Williams,

We have received your job application for the Aid worker position.

We will review your application and get back to you soon.

Thank you,
Boyd-Davila HR Department",0
"Subject: Monthly Newsletter

Dear Subscriber,

Here's our latest update on Inc activities.

Key Highlights:
- New product launch
- Upcoming events
- Industry insights

Stay tuned!

Regards,
Marketing Team",0
"Subject: Monthly Newsletter

Dear Subscriber,

Here's our latest update on LLC activities.

Key Highlights:
- New product launch
- Upcoming events
- Industry insights

Stay tuned!

Regards,
Marketing Team",0
"Subject: Meeting Invitation

Hi Kathleen,

I hope this email finds you well. I'd like to schedule a meeting to discuss our upcoming project.

Proposed Date: 2024-12-29
Proposed Time: 14:39:10

Looking forward to your response.

Best regards,
Alexandra House",0
"Subject: Purchase Order #2712

Dear Cook-Strickland,

This is a purchase order for the following items:

Item: window
Quantity: 45
Unit Price: $228.54
Total Amount: $3908.9

Purchase Order Number: PO-95026
Customer: Castillo-Smith
Contact: Todd Norris
Email: petersmadeline@example.net

Delivery Date: 2024-11-16

Best regards,
Nguyen and Sons",1
"Subject: Monthly Newsletter

Dear Subscriber,

Here's our latest update on PLC activities.

Key Highlights:
- New product launch
- Upcoming events
- Industry insights

Stay tuned!

Regards,
Marketing Team",0
"Subject: Job Application Acknowledgement

Dear Collin Spears,

We have received your job application for the Operations geologist position.

We will review your application and get back to you soon.

Thank you,
Thomas PLC HR Department",0
"Subject: Meeting Invitation

Hi Jennifer,

I hope this email finds you well. I'd like to schedule a meeting to discuss our upcoming project.

Proposed Date: 2024-12-14
Proposed Time: 02:51:24

Looking forward to your response.

Best regards,
Nicole Velez",0
"Subject: Product Order Confirmation

Order Details:
PO Number: PO-69526
Customer: Solis, Allen and Thomas

Item List:
1. listen - Quantity: 21
2. computer - Quantity: 30

Total Order Value: $780.68
Payment Terms: Net 30
Delivery Instructions: Piece year we hit four pressure seek.

Regards,
Ltd Purchasing Department",1
"Subject: Monthly Newsletter

Dear Subscriber,

Here's our latest update on and Sons activities.

Key Highlights:
- New product launch
- Upcoming events
- Industry insights

Stay tuned!

Regards,
Marketing Team",0
"Subject: Meeting Invitation

Hi Roger,

I hope this email finds you well. I'd like to schedule a meeting to discuss our upcoming project.

Proposed Date: 2025-01-01
Proposed Time: 14:48:42

Looking forward to your response.

Best regards,
Anthony Harris",0
"Subject: Meeting Invitation

Hi Jasmine,

I hope this email finds you well. I'd like to schedule a meeting to discuss our upcoming project.

Proposed Date: 2024-12-10
Proposed Time: 00:34:07

Looking forward to your response.

Best regards,
Erin Baker",0
"Subject: Product Order Confirmation

Order Details:
PO Number: PO-72864
Customer: Brady and Sons

Item List:
1. record - Quantity: 35
2. however - Quantity: 43

Total Order Value: $6445.02
Payment Terms: Net 30
Delivery Instructions: Former both she kitchen character.

Regards,
Inc Purchasing Department",1
"Subject: Product Order Confirmation

Order Details:
PO Number: PO-35362
Customer: Welch Group

Item List:
1. whatever - Quantity: 5
2. fire - Quantity: 33

Total Order Value: $1999.41
Payment Terms: Net 30
Delivery Instructions: Receive he according mention ahead approach challenge.

Regards,
Inc Purchasing Department",1
"Subject: Product Order Confirmation

Order Details:
PO Number: PO-79815
Customer: Ruiz, Ruiz and Jacobson

Item List:
1. weight - Quantity: 31
2. rock - Quantity: 26

Total Order Value: $4687.21
Payment Terms: Net 30
Delivery Instructions: High degree along analysis defense become top.

Regards,
Ltd Purchasing Department",1
"Subject: Purchase Order #7672

Dear Medina, Perez and Garcia,

This is a purchase order for the following items:

Item: forget
Quantity: 89
Unit Price: $45.38
Total Amount: $2611.68

Purchase Order Number: PO-98424
Customer: Gardner, Parsons and Garza
Contact: Bryan Craig
Email: zbooth@example.org

Delivery Date: 2024-11-12

Best regards,
Turner, Beard and Diaz",1
"Subject: Purchase Order #8704

Dear Garcia, Figueroa and Ortiz,

This is a purchase order for the following items:

Item: red
Quantity: 84
Unit Price: $482.65
Total Amount: $2841.2

Purchase Order Number: PO-30728
Customer: Morris-Carrillo
Contact: Kristopher Thomas
Email: vforbes@example.com

Delivery Date: 2024-11-30

Best regards,
Cochran, Mason and Blackwell",1
"Subject: Purchase Order #4949

Dear Knight and Sons,

This is a purchase order for the following items:

Item: wind
Quantity: 65
Unit Price: $204.34
Total Amount: $4219.12

Purchase Order Number: PO-31502
Customer: Brown-Haynes
Contact: Matthew Mcpherson
Email: sweeneybenjamin@example.net

Delivery Date: 2024-12-21

Best regards,
Santiago, Nguyen and Arias",1
"Subject: Monthly Newsletter

Dear Subscriber,

Here's our latest update on Inc activities.

Key Highlights:
- New product launch
- Upcoming events
- Industry insights

Stay tuned!

Regards,
Marketing Team",0
"Subject: Purchase Order #9237

Dear Obrien, Robles and Campbell,

This is a purchase order for the following items:

Item: which
Quantity: 30
Unit Price: $360.55
Total Amount: $4936.82

Purchase Order Number: PO-66980
Customer: Shaw PLC
Contact: Daniel Johnson
Email: jeffreylawrence@example.net

Delivery Date: 2024-12-18

Best regards,
Garcia-Anderson",1
"Subject: Product Order Confirmation

Order Details:
PO Number: PO-15664
Customer: Morgan, Everett and Benton

Item List:
1. eat - Quantity: 31
2. popular - Quantity: 21

Total Order Value: $5737.24
Payment Terms: Net 30
Delivery Instructions: Role position especially order way.

Regards,
Inc Purchasing Department",1
"Subject: Monthly Newsletter

Dear Subscriber,

Here's our latest update on LLC activities.

Key Highlights:
- New product launch
- Upcoming events
- Industry insights

Stay tuned!

Regards,
Marketing Team",0
"Subject: Meeting Invitation

Hi Sarah,

I hope this email finds you well. I'd like to schedule a meeting to discuss our upcoming project.

Proposed Date: 2024-12-31
Proposed Time: 00:15:00

Looking forward to your response.

Best regards,
Jason Sanchez",0
"Subject: Product Order Confirmation

Order Details:
PO Number: PO-20283
Customer: Padilla, Tapia and Mcguire

Item List:
1. less - Quantity: 10
2. long - Quantity: 25

Total Order Value: $2057.96
Payment Terms: Net 30
Delivery Instructions: Economic challenge force alone much.

Regards,
and Sons Purchasing Department",1
"Subject: Product Order Confirmation

Order Details:
PO Number: PO-93433
Customer: Sanders Inc

Item List:
1. control - Quantity: 7
2. seven - Quantity: 17

Total Order Value: $8057.18
Payment Terms: Net 30
Delivery Instructions: Red actually Republican computer none purpose.

Regards,
Ltd Purchasing Department",1
"Subject: Job Application Acknowledgement

Dear Jeffery Fox,

We have received your job application for the Administrator, Civil Service position.

We will review your application and get back to you soon.

Thank you,
Brown-Bailey HR Department",0
"Subject: Job Application Acknowledgement

Dear Seth Mendoza,

We have received your job application for the Nutritional therapist position.

We will review your application and get back to you soon.

Thank you,
Diaz, Miller and Barrera HR Department",0
"Subject: Product Order Confirmation

Order Details:
PO Number: PO-87646
Customer: Hampton Inc

Item List:
1. contain - Quantity: 50
2. no - Quantity: 9

Total Order Value: $2804.09
Payment Terms: Net 30
Delivery Instructions: Market throw laugh car Mrs.

Regards,
Inc Purchasing Department",1
"Subject: Monthly Newsletter

Dear Subscriber,

Here's our latest update on and Sons activities.

Key Highlights:
- New product launch
- Upcoming events
- Industry insights

Stay tuned!

Regards,
Marketing Team",0
"Subject: Monthly Newsletter

Dear Subscriber,

Here's our latest update on Group activities.

Key Highlights:
- New product launch
- Upcoming events
- Industry insights

Stay tuned!

Regards,
Marketing Team",0
"Subject: Product Order Confirmation

Order Details:
PO Number: PO-48141
Customer: Wallace, Rollins and Richardson

Item List:
1. form - Quantity: 1
2. protect - Quantity: 14

Total Order Value: $7804.26
Payment Terms: Net 30
Delivery Instructions: Strong able develop available painting maintain affect include.

Regards,
and Sons Purchasing Department",1
"Subject: Product Order Confirmation

Order Details:
PO Number: PO-88761
Customer: Russell and Sons

Item List:
1. election - Quantity: 19
2. meeting - Quantity: 7

Total Order Value: $3019.7
Payment Terms: Net 30
Delivery Instructions: Hear evening recent.

Regards,
and Sons Purchasing Department",1
"Subject: Monthly Newsletter

Dear Subscriber,

Here's our latest update on Ltd activities.

Key Highlights:
- New product launch
- Upcoming events
- Industry insights

Stay tuned!

Regards,
Marketing Team",0
"Subject: Job Application Acknowledgement

Dear Richard Turner,

We have received your job application for the Arts administrator position.

We will review your application and get back to you soon.

Thank you,
Davis, Wright and Marquez HR Department",0
"Subject: Monthly Newsletter

Dear Subscriber,

Here's our latest update on Ltd activities.

Key Highlights:
- New product launch
- Upcoming events
- Industry insights

Stay tuned!

Regards,
Marketing Team",0
"Subject: Product Order Confirmation

Order Details:
PO Number: PO-49428
Customer: Vazquez, Mckinney and Brown

Item List:
1. information - Quantity: 19
2. recognize - Quantity: 9

Total Order Value: $4749.5
Payment Terms: Net 30
Delivery Instructions: Thing learn story what put each.

Regards,
Inc Purchasing Department",1
"Subject: Monthly Newsletter

Dear Subscriber,

Here's our latest update on PLC activities.

Key Highlights:
- New product launch
- Upcoming events
- Industry insights

Stay tuned!

Regards,
Marketing Team",0
"Subject: Meeting Invitation

Hi David,

I hope this email finds you well. I'd like to schedule a meeting to discuss our upcoming project.

Proposed Date: 2024-12-09
Proposed Time: 19:13:48

Looking forward to your response.

Best regards,
Luis Moran",0
"Subject: Purchase Order #4556

Dear Townsend Ltd,

This is a purchase order for the following items:

Item: really
Quantity: 30
Unit Price: $479.03
Total Amount: $449.81

Purchase Order Number: PO-16126
Customer: Tate-Williams
Contact: Stephen Jones
Email: turnersamuel@example.com

Delivery Date: 2024-11-06

Best regards,
Anderson-Padilla",1
"Subject: Product Order Confirmation

Order Details:
PO Number: PO-54629
Customer: Cannon, Gillespie and Johnson

Item List:
1. figure - Quantity: 7
2. environment - Quantity: 27

Total Order Value: $1783.13
Payment Terms: Net 30
Delivery Instructions: Thought think throughout religious.

Regards,
Inc Purchasing Department",1
"Subject: Meeting Invitation

Hi Ryan,

I hope this email finds you well. I'd like to schedule a meeting to discuss our upcoming project.

Proposed Date: 2024-12-31
Proposed Time: 13:27:58

Looking forward to your response.

Best regards,
Stephen Hernandez",0
"Subject: Purchase Order #8926

Dear Taylor-Martin,

This is a purchase order for the following items:

Item: finish
Quantity: 7
Unit Price: $346.83
Total Amount: $799.61

Purchase Order Number: PO-73600
Customer: Hodges PLC
Contact: Amanda Morrison
Email: joshua48@example.net

Delivery Date: 2024-11-07

Best regards,
Kaufman, Garza and Cannon",1
"Subject: Job Application Acknowledgement

Dear Daryl Kelly,

We have received your job application for the Electronics engineer position.

We will review your application and get back to you soon.

Thank you,
Nelson, Bruce and Moore HR Department",0
"Subject: Job Application Acknowledgement

Dear Stephanie Michael,

We have received your job application for the Futures trader position.

We will review your application and get back to you soon.

Thank you,
Kidd, Harding and Lam HR Department",0
"Subject: Purchase Order #9600

Dear Robinson-Smith,

This is a purchase order for the following items:

Item: level
Quantity: 47
Unit Price: $102.61
Total Amount: $2496.87

Purchase Order Number: PO-33082
Customer: Brown Group
Contact: Shannon Wilson
Email: griffithlauren@example.org

Delivery Date: 2024-12-22

Best regards,
Shelton-Estrada",1
"Subject: Product Order Confirmation

Order Details:
PO Number: PO-41338
Customer: Chambers, Smith and Wise

Item List:
1. across - Quantity: 16
2. own - Quantity: 5

Total Order Value: $4037.29
Payment Terms: Net 30
Delivery Instructions: Light month lead sound.

Regards,
Ltd Purchasing Department",1
"Subject: Product Order Confirmation

Order Details:
PO Number: PO-73224
Customer: Taylor-Huffman

Item List:
1. and - Quantity: 35
2. student - Quantity: 49

Total Order Value: $4363.43
Payment Terms: Net 30
Delivery Instructions: Suddenly industry model peace conference boy.

Regards,
and Sons Purchasing Department",1
"Subject: Purchase Order #7339

Dear Moore, Phillips and Hernandez,

This is a purchase order for the following items:

Item: TV
Quantity: 12
Unit Price: $442.46
Total Amount: $1068.03

Purchase Order Number: PO-64932
Customer: Hess Group
Contact: Isaac Villarreal
Email: joe70@example.com

Delivery Date: 2024-11-14

Best regards,
Curry Inc",1
"Subject: Job Application Acknowledgement

Dear Catherine Patterson,

We have received your job application for the Designer, furniture position.

We will review your application and get back to you soon.

Thank you,
Young-Brown HR Department",0
"Subject: Job Application Acknowledgement

Dear Terri Wallace,

We have received your job application for the Materials engineer position.

We will review your application and get back to you soon.

Thank you,
Dudley Inc HR Department",0
"Subject: Product Order Confirmation

Order Details:
PO Number: PO-24031
Customer: Macias, Marsh and White

Item List:
1. have - Quantity: 17
2. enter - Quantity: 13

Total Order Value: $3537.76
Payment Terms: Net 30
Delivery Instructions: Oil choice oil serve then election.

Regards,
Group Purchasing Department",1
"Subject: Job Application Acknowledgement

Dear Jacqueline Mcclure,

We have received your job application for the Scientist, physiological position.

We will review your application and get back to you soon.

Thank you,
Campbell LLC HR Department",0
"Subject: Purchase Order #4402

Dear Vega-Baker,

This is a purchase order for the following items:

Item: usually
Quantity: 54
Unit Price: $254.05
Total Amount: $4427.08

Purchase Order Number: PO-36258
Customer: Kaufman, Torres and Medina
Contact: Melissa Russell
Email: shaunburns@example.net

Delivery Date: 2024-12-19

Best regards,
Gordon-Mckay",1
"Subject: Product Order Confirmation

Order Details:
PO Number: PO-84189
Customer: Morton Group

Item List:
1. wrong - Quantity: 17
2. may - Quantity: 11

Total Order Value: $2303.62
Payment Terms: Net 30
Delivery Instructions: Choice Democrat whole fly ability now need.

Regards,
Group Purchasing Department",1
"Subject: Product Order Confirmation

Order Details:
PO Number: PO-56550
Customer: Mullins-Nelson

Item List:
1. food - Quantity: 31
2. room - Quantity: 43

Total Order Value: $5132.48
Payment Terms: Net 30
Delivery Instructions: Meeting interview I character study would imagine.

Regards,
Ltd Purchasing Department",1
"Subject: Product Order Confirmation

Order Details:
PO Number: PO-46061
Customer: Miller Ltd

Item List:
1. staff - Quantity: 23
2. ability - Quantity: 10

Total Order Value: $1424.49
Payment Terms: Net 30
Delivery Instructions: Bill agent eat camera issue high you.

Regards,
and Sons Purchasing Department",1
"Subject: Meeting Invitation

Hi Robert,

I hope this email finds you well. I'd like to schedule a meeting to discuss our upcoming project.

Proposed Date: 2024-12-12
Proposed Time: 14:20:32

Looking forward to your response.

Best regards,
Mary Schmidt",0
"Subject: Job Application Acknowledgement

Dear Nicholas White,

We have received your job application for the Probation officer position.

We will review your application and get back to you soon.

Thank you,
Weiss, Patterson and Clark HR Department",0
"Subject: Purchase Order #2217

Dear Wang, Christian and Thomas,

This is a purchase order for the following items:

Item: take
Quantity: 1
Unit Price: $56.99
Total Amount: $4898.0

Purchase Order Number: PO-48994
Customer: Meyer Inc
Contact: Jenna Johnson
Email: russelltaylor@example.com

Delivery Date: 2024-11-17

Best regards,
Pierce Inc",1
"Subject: Meeting Invitation

Hi Jessica,

I hope this email finds you well. I'd like to schedule a meeting to discuss our upcoming project.

Proposed Date: 2024-12-26
Proposed Time: 12:00:46

Looking forward to your response.

Best regards,
Anthony Hall",0
"Subject: Meeting Invitation

Hi Joseph,

I hope this email finds you well. I'd like to schedule a meeting to discuss our upcoming project.

Proposed Date: 2025-01-01
Proposed Time: 00:04:59

Looking forward to your response.

Best regards,
Jeff Arellano",0
"Subject: Product Order Confirmation

Order Details:
PO Number: PO-36902
Customer: Garcia-Harris

Item List:
1. similar - Quantity: 42
2. tonight - Quantity: 15

Total Order Value: $6221.49
Payment Terms: Net 30
Delivery Instructions: Article go back must role rule party somebody.

Regards,
and Sons Purchasing Department",1
"Subject: Meeting Invitation

Hi Kimberly,

I hope this email finds you well. I'd like to schedule a meeting to discuss our upcoming project.

Proposed Date: 2024-12-11
Proposed Time: 13:56:33

Looking forward to your response.

Best regards,
Edward Williamson",0
"Subject: Monthly Newsletter

Dear Subscriber,

Here's our latest update on Group activities.

Key Highlights:
- New product launch
- Upcoming events
- Industry insights

Stay tuned!

Regards,
Marketing Team",0
"Subject: Monthly Newsletter

Dear Subscriber,

Here's our latest update on LLC activities.

Key Highlights:
- New product launch
- Upcoming events
- Industry insights

Stay tuned!

Regards,
Marketing Team",0
"Subject: Purchase Order #3280

Dear Atkins Ltd,

This is a purchase order for the following items:

Item: hospital
Quantity: 2
Unit Price: $435.18
Total Amount: $2066.82

Purchase Order Number: PO-44400
Customer: Mccullough-Nichols
Contact: Mark Moore
Email: angelanavarro@example.org

Delivery Date: 2024-11-18

Best regards,
Davis and Sons",1
"Subject: Purchase Order #1402

Dear Bowen Group,

This is a purchase order for the following items:

Item: certainly
Quantity: 42
Unit Price: $162.87
Total Amount: $1498.25

Purchase Order Number: PO-76935
Customer: Stevens LLC
Contact: Mark Gibson
Email: wpadilla@example.net

Delivery Date: 2024-11-30

Best regards,
Hudson Ltd",1
"Subject: Monthly Newsletter

Dear Subscriber,

Here's our latest update on PLC activities.

Key Highlights:
- New product launch
- Upcoming events
- Industry insights

Stay tuned!

Regards,
Marketing Team",0
"Subject: Monthly Newsletter

Dear Subscriber,

Here's our latest update on Group activities.

Key Highlights:
- New product launch
- Upcoming events
- Industry insights

Stay tuned!

Regards,
Marketing Team",0
"Subject: Purchase Order #8756

Dear Carlson PLC,

This is a purchase order for the following items:

Item: occur
Quantity: 45
Unit Price: $27.01
Total Amount: $1972.63

Purchase Order Number: PO-72521
Customer: Jordan, Williams and Miller
Contact: Adam Nielsen
Email: robertbecker@example.org

Delivery Date: 2024-12-18

Best regards,
Tucker LLC",1
"Subject: Monthly Newsletter

Dear Subscriber,

Here's our latest update on LLC activities.

Key Highlights:
- New product launch
- Upcoming events
- Industry insights

Stay tuned!

Regards,
Marketing Team",0
"Subject: Purchase Order #2690

Dear Mueller LLC,

This is a purchase order for the following items:

Item: modern
Quantity: 55
Unit Price: $132.69
Total Amount: $3686.24

Purchase Order Number: PO-11545
Customer: Baker LLC
Contact: Johnny Herrera
Email: bbooth@example.com

Delivery Date: 2024-11-27

Best regards,
Rodriguez Group",1
"Subject: Product Order Confirmation

Order Details:
PO Number: PO-27371
Customer: Martinez, Johnson and Hayes

Item List:
1. someone - Quantity: 2
2. real - Quantity: 9

Total Order Value: $2703.01
Payment Terms: Net 30
Delivery Instructions: Possible reduce bed figure law real.

Regards,
LLC Purchasing Department",1
"Subject: Monthly Newsletter

Dear Subscriber,

Here's our latest update on Ltd activities.

Key Highlights:
- New product launch
- Upcoming events
- Industry insights

Stay tuned!

Regards,
Marketing Team",0
"Subject: Meeting Invitation

Hi James,

I hope this email finds you well. I'd like to schedule a meeting to discuss our upcoming project.

Proposed Date: 2024-12-30
Proposed Time: 21:45:51

Looking forward to your response.

Best regards,
Brenda Rodriguez",0
"Subject: Job Application Acknowledgement

Dear Jasmine Rice,

We have received your job application for the Community arts worker position.

We will review your application and get back to you soon.

Thank you,
Parks-Miller HR Department",0
"Subject: Monthly Newsletter

Dear Subscriber,

Here's our latest update on Ltd activities.

Key Highlights:
- New product launch
- Upcoming events
- Industry insights

Stay tuned!

Regards,
Marketing Team",0
"Subject: Meeting Invitation

Hi Travis,

I hope this email finds you well. I'd like to schedule a meeting to discuss our upcoming project.

Proposed Date: 2024-12-21
Proposed Time: 02:06:13

Looking forward to your response.

Best regards,
Judy Smith",0
"Subject: Monthly Newsletter

Dear Subscriber,

Here's our latest update on PLC activities.

Key Highlights:
- New product launch
- Upcoming events
- Industry insights

Stay tuned!

Regards,
Marketing Team",0
"Subject: Meeting Invitation

Hi Brenda,

I hope this email finds you well. I'd like to schedule a meeting to discuss our upcoming project.

Proposed Date: 2024-12-16
Proposed Time: 11:48:00

Looking forward to your response.

Best regards,
Susan Franklin",0
"Subject: Product Order Confirmation

Order Details:
PO Number: PO-87145
Customer: Mccarthy, Rosales and Leonard

Item List:
1. including - Quantity: 34
2. sport - Quantity: 35

Total Order Value: $2622.15
Payment Terms: Net 30
Delivery Instructions: Current look person hair indeed.

Regards,
LLC Purchasing Department",1
"Subject: Purchase Order #5617

Dear Torres-Ramos,

This is a purchase order for the following items:

Item: level
Quantity: 33
Unit Price: $279.92
Total Amount: $1024.71

Purchase Order Number: PO-15018
Customer: Leonard-Gibson
Contact: April Jones
Email: morrowbenjamin@example.com

Delivery Date: 2024-12-20

Best regards,
Sherman-Moreno",1
"Subject: Purchase Order #3900

Dear Thomas LLC,

This is a purchase order for the following items:

Item: listen
Quantity: 9
Unit Price: $11.25
Total Amount: $3391.91

Purchase Order Number: PO-29927
Customer: Miller PLC
Contact: Tom Grimes
Email: alyssa14@example.org

Delivery Date: 2024-11-15

Best regards,
Ruiz Inc",1
"Subject: Job Application Acknowledgement

Dear Madison Mosley,

We have received your job application for the Public affairs consultant position.

We will review your application and get back to you soon.

Thank you,
Bowman Inc HR Department",0
"Subject: Product Order Confirmation

Order Details:
PO Number: PO-18817
Customer: Gonzalez-Hall

Item List:
1. minute - Quantity: 24
2. rise - Quantity: 45

Total Order Value: $3259.58
Payment Terms: Net 30
Delivery Instructions: Push end suffer several.

Regards,
LLC Purchasing Department",1
"Subject: Purchase Order #6507

Dear Kennedy PLC,

This is a purchase order for the following items:

Item: data
Quantity: 83
Unit Price: $218.11
Total Amount: $4571.88

Purchase Order Number: PO-57864
Customer: Carter Group
Contact: Jason Aguirre
Email: rebeccabentley@example.com

Delivery Date: 2024-12-05

Best regards,
Watson, Underwood and Rollins",1
"Subject: Job Application Acknowledgement

Dear Lori Juarez,

We have received your job application for the Arts development officer position.

We will review your application and get back to you soon.

Thank you,
Allen LLC HR Department",0
"Subject: Purchase Order #3448

Dear Stewart PLC,

This is a purchase order for the following items:

Item: economic
Quantity: 38
Unit Price: $51.44
Total Amount: $4583.22

Purchase Order Number: PO-54295
Customer: Griffith-Carter
Contact: Christopher Murphy
Email: swhite@example.org

Delivery Date: 2024-12-15

Best regards,
Bentley and Sons",1
"Subject: Monthly Newsletter

Dear Subscriber,

Here's our latest update on and Sons activities.

Key Highlights:
- New product launch
- Upcoming events
- Industry insights

Stay tuned!

Regards,
Marketing Team",0
"Subject: Purchase Order #3613

Dear Mack, Pugh and Alvarez,

This is a purchase order for the following items:

Item: nature
Quantity: 4
Unit Price: $23.83
Total Amount: $2393.18

Purchase Order Number: PO-25961
Customer: Gould-Dillon
Contact: Kelly Walter
Email: robert65@example.com

Delivery Date: 2024-11-20

Best regards,
Hess, Wade and Jones",1
"Subject: Monthly Newsletter

Dear Subscriber,

Here's our latest update on LLC activities.

Key Highlights:
- New product launch
- Upcoming events
- Industry insights

Stay tuned!

Regards,
Marketing Team",0
"Subject: Product Order Confirmation

Order Details:
PO Number: PO-91663
Customer: Price Ltd

Item List:
1. wall - Quantity: 12
2. give - Quantity: 28

Total Order Value: $5460.23
Payment Terms: Net 30
Delivery Instructions: Easy TV large them long myself effect.

Regards,
and Sons Purchasing Department",1
"Subject: Job Application Acknowledgement

Dear Eric Park,

We have received your job application for the Engineer, electrical position.

We will review your application and get back to you soon.

Thank you,
Avery, Smith and Gamble HR Department",0
"Subject: Purchase Order #6926

Dear Brown-Lewis,

This is a purchase order for the following items:

Item: model
Quantity: 94
Unit Price: $391.8
Total Amount: $1058.92

Purchase Order Number: PO-57338
Customer: Poole-Ryan
Contact: Brian Ramos
Email: ashley74@example.org

Delivery Date: 2024-11-24

Best regards,
Obrien, Perkins and Johnson",1
"Subject: Monthly Newsletter

Dear Subscriber,

Here's our latest update on PLC activities.

Key Highlights:
- New product launch
- Upcoming events
- Industry insights

Stay tuned!

Regards,
Marketing Team",0
"Subject: Product Order Confirmation

Order Details:
PO Number: PO-66861
Customer: Lambert PLC

Item List:
1. how - Quantity: 21
2. a - Quantity: 44

Total Order Value: $5715.49
Payment Terms: Net 30
Delivery Instructions: Finish price end employee firm south.

Regards,
Ltd Purchasing Department",1
"Subject: Monthly Newsletter

Dear Subscriber,

Here's our latest update on PLC activities.

Key Highlights:
- New product launch
- Upcoming events
- Industry insights

Stay tuned!

Regards,
Marketing Team",0
"Subject: Product Order Confirmation

Order Details:
PO Number: PO-45196
Customer: King-Johnson

Item List:
1. model - Quantity: 20
2. huge - Quantity: 1

Total Order Value: $4109.86
Payment Terms: Net 30
Delivery Instructions: Approach staff network nation foot their.

Regards,
LLC Purchasing Department",1
"Subject: Product Order Confirmation

Order Details:
PO Number: PO-53897
Customer: Williams Ltd

Item List:
1. yard - Quantity: 48
2. class - Quantity: 43

Total Order Value: $9806.53
Payment Terms: Net 30
Delivery Instructions: Hit attention point indeed home garden environment.

Regards,
and Sons Purchasing Department",1
"Subject: Job Application Acknowledgement

Dear Perry Collins,

We have received your job application for the Barista position.

We will review your application and get back to you soon.

Thank you,
Hicks-Stewart HR Department",0
"Subject: Purchase Order #4857

Dear Velasquez-Bailey,

This is a purchase order for the following items:

Item: loss
Quantity: 80
Unit Price: $492.65
Total Amount: $3409.17

Purchase Order Number: PO-85714
Customer: Shaw, Murphy and Rivera
Contact: Derek Franklin
Email: jennifersellers@example.net

Delivery Date: 2024-12-27

Best regards,
Thompson-George",1
"Subject: Meeting Invitation

Hi Allison,

I hope this email finds you well. I'd like to schedule a meeting to discuss our upcoming project.

Proposed Date: 2024-12-27
Proposed Time: 20:25:21

Looking forward to your response.

Best regards,
Nicholas Price",0
"Subject: Product Order Confirmation

Order Details:
PO Number: PO-91129
Customer: Hall, Mitchell and Robinson

Item List:
1. two - Quantity: 14
2. left - Quantity: 13

Total Order Value: $7236.97
Payment Terms: Net 30
Delivery Instructions: Sense focus hundred firm.

Regards,
LLC Purchasing Department",1
"Subject: Meeting Invitation

Hi Barbara,

I hope this email finds you well. I'd like to schedule a meeting to discuss our upcoming project.

Proposed Date: 2025-01-03
Proposed Time: 15:46:15

Looking forward to your response.

Best regards,
Grace Powell",0
"Subject: Monthly Newsletter

Dear Subscriber,

Here's our latest update on Inc activities.

Key Highlights:
- New product launch
- Upcoming events
- Industry insights

Stay tuned!

Regards,
Marketing Team",0
"Subject: Purchase Order #7748

Dear Palmer-Gould,

This is a purchase order for the following items:

Item: price
Quantity: 13
Unit Price: $257.41
Total Amount: $222.33

Purchase Order Number: PO-23420
Customer: Gomez-Perry
Contact: Brandy Dennis
Email: melvin11@example.com

Delivery Date: 2024-11-27

Best regards,
Lee Inc",1
"Subject: Meeting Invitation

Hi Patrick,

I hope this email finds you well. I'd like to schedule a meeting to discuss our upcoming project.

Proposed Date: 2024-12-11
Proposed Time: 23:11:12

Looking forward to your response.

Best regards,
Kelsey Wade",0
"Subject: Meeting Invitation

Hi Ryan,

I hope this email finds you well. I'd like to schedule a meeting to discuss our upcoming project.

Proposed Date: 2024-12-15
Proposed Time: 17:21:39

Looking forward to your response.

Best regards,
William Parker",0
"Subject: Meeting Invitation

Hi Matthew,

I hope this email finds you well. I'd like to schedule a meeting to discuss our upcoming project.

Proposed Date: 2024-12-05
Proposed Time: 11:55:10

Looking forward to your response.

Best regards,
Marco Barker",0
"Subject: Job Application Acknowledgement

Dear Ruth Perkins,

We have received your job application for the Marine scientist position.

We will review your application and get back to you soon.

Thank you,
Reyes and Sons HR Department",0
"Subject: Job Application Acknowledgement

Dear Alexis Estrada,

We have received your job application for the Warden/ranger position.

We will review your application and get back to you soon.

Thank you,
Green LLC HR Department",0
"Subject: Monthly Newsletter

Dear Subscriber,

Here's our latest update on LLC activities.

Key Highlights:
- New product launch
- Upcoming events
- Industry insights

Stay tuned!

Regards,
Marketing Team",0
"Subject: Job Application Acknowledgement

Dear Deborah Cunningham,

We have received your job application for the Field trials officer position.

We will review your application and get back to you soon.

Thank you,
Miller Inc HR Department",0
"Subject: Monthly Newsletter

Dear Subscriber,

Here's our latest update on Ltd activities.

Key Highlights:
- New product launch
- Upcoming events
- Industry insights

Stay tuned!

Regards,
Marketing Team",0
"Subject: Product Order Confirmation

Order Details:
PO Number: PO-51786
Customer: Gray Inc

Item List:
1. present - Quantity: 11
2. seven - Quantity: 34

Total Order Value: $3401.5
Payment Terms: Net 30
Delivery Instructions: Glass summer morning office air.

Regards,
Inc Purchasing Department",1
"Subject: Product Order Confirmation

Order Details:
PO Number: PO-28690
Customer: Hoover PLC

Item List:
1. manage - Quantity: 4
2. hour - Quantity: 24

Total Order Value: $1762.28
Payment Terms: Net 30
Delivery Instructions: Know opportunity gas her act tax sign.

Regards,
Inc Purchasing Department",1
"Subject: Product Order Confirmation

Order Details:
PO Number: PO-97126
Customer: Mcmillan, Weaver and Perry

Item List:
1. gas - Quantity: 12
2. safe - Quantity: 20

Total Order Value: $2226.32
Payment Terms: Net 30
Delivery Instructions: Reveal day behavior.

Regards,
Group Purchasing Department",1
"Subject: Monthly Newsletter

Dear Subscriber,

Here's our latest update on Ltd activities.

Key Highlights:
- New product launch
- Upcoming events
- Industry insights

Stay tuned!

Regards,
Marketing Team",0
"Subject: Meeting Invitation

Hi Jason,

I hope this email finds you well. I'd like to schedule a meeting to discuss our upcoming project.

Proposed Date: 2024-12-05
Proposed Time: 16:17:14

Looking forward to your response.

Best regards,
Cheyenne Jones",0
"Subject: Product Order Confirmation

Order Details:
PO Number: PO-17220
Customer: Morton-Rodriguez

Item List:
1. rich - Quantity: 46
2. there - Quantity: 1

Total Order Value: $3758.79
Payment Terms: Net 30
Delivery Instructions: Avoid reason present.

Regards,
Group Purchasing Department",1
"Subject: Product Order Confirmation

Order Details:
PO Number: PO-57798
Customer: Carson-Johnson

Item List:
1. guess - Quantity: 22
2. source - Quantity: 34

Total Order Value: $1809.71
Payment Terms: Net 30
Delivery Instructions: Can politics sign pay fill site threat century.

Regards,
and Sons Purchasing Department",1
"Subject: Purchase Order #7932

Dear Glenn PLC,

This is a purchase order for the following items:

Item: car
Quantity: 75
Unit Price: $106.33
Total Amount: $4288.84

Purchase Order Number: PO-22893
Customer: Peterson Inc
Contact: Nicholas Grant
Email: stephaniemiles@example.com

Delivery Date: 2024-11-12

Best regards,
Carrillo Inc",1
"Subject: Monthly Newsletter

Dear Subscriber,

Here's our latest update on PLC activities.

Key Highlights:
- New product launch
- Upcoming events
- Industry insights

Stay tuned!

Regards,
Marketing Team",0
"Subject: Purchase Order #6876

Dear Carroll and Sons,

This is a purchase order for the following items:

Item: exactly
Quantity: 70
Unit Price: $359.45
Total Amount: $601.27

Purchase Order Number: PO-52853
Customer: Morrison-Miller
Contact: Joshua Rios
Email: mackernest@example.com

Delivery Date: 2024-12-21

Best regards,
Freeman, Coleman and Frederick",1
"Subject: Product Order Confirmation

Order Details:
PO Number: PO-86871
Customer: Rivera-Gibson

Item List:
1. go - Quantity: 50
2. sea - Quantity: 28

Total Order Value: $7692.65
Payment Terms: Net 30
Delivery Instructions: Huge understand away new service catch.

Regards,
Inc Purchasing Department",1
"Subject: Monthly Newsletter

Dear Subscriber,

Here's our latest update on Inc activities.

Key Highlights:
- New product launch
- Upcoming events
- Industry insights

Stay tuned!

Regards,
Marketing Team",0
"Subject: Purchase Order #2556

Dear Kennedy-Adams,

This is a purchase order for the following items:

Item: surface
Quantity: 81
Unit Price: $234.33
Total Amount: $1460.67

Purchase Order Number: PO-72178
Customer: Gilbert, Butler and Johnson
Contact: Kevin Madden
Email: madams@example.net

Delivery Date: 2024-12-05

Best regards,
Johnson-Peters",1
"Subject: Purchase Order #8329

Dear Flores, Park and Burch,

This is a purchase order for the following items:

Item: event
Quantity: 32
Unit Price: $283.94
Total Amount: $4887.72

Purchase Order Number: PO-51230
Customer: Hall, Perez and Jones
Contact: Chad Jenkins
Email: figueroaerika@example.org

Delivery Date: 2024-12-04

Best regards,
Cochran PLC",1
"Subject: Job Application Acknowledgement

Dear Elijah Roy,

We have received your job application for the Meteorologist position.

We will review your application and get back to you soon.

Thank you,
Rodriguez, Oneill and Gray HR Department",0
"Subject: Job Application Acknowledgement

Dear Kyle Miller,

We have received your job application for the Horticulturist, commercial position.

We will review your application and get back to you soon.

Thank you,
Oneal-Kennedy HR Department",0
"Subject: Job Application Acknowledgement

Dear Sarah Vega,

We have received your job application for the Designer, interior/spatial position.

We will review your application and get back to you soon.

Thank you,
Mahoney LLC HR Department",0
"Subject: Meeting Invitation

Hi Teresa,

I hope this email finds you well. I'd like to schedule a meeting to discuss our upcoming project.

Proposed Date: 2025-01-02
Proposed Time: 03:38:05

Looking forward to your response.

Best regards,
Stacey Watkins",0
"Subject: Product Order Confirmation

Order Details:
PO Number: PO-38947
Customer: Brown, Hughes and Whitney

Item List:
1. include - Quantity: 13
2. purpose - Quantity: 43

Total Order Value: $2486.68
Payment Terms: Net 30
Delivery Instructions: All certainly peace today southern nation.

Regards,
Inc Purchasing Department",1
"Subject: Purchase Order #5567

Dear Smith-Chung,

This is a purchase order for the following items:

Item: modern
Quantity: 44
Unit Price: $312.7
Total Amount: $1518.1

Purchase Order Number: PO-52052
Customer: West-Bradshaw
Contact: Alison Sanford
Email: vlozano@example.net

Delivery Date: 2024-12-13

Best regards,
Ortiz Inc",1
"Subject: Product Order Confirmation

Order Details:
PO Number: PO-17507
Customer: Carson-Schmitt

Item List:
1. prove - Quantity: 27
2. spring - Quantity: 19

Total Order Value: $2748.31
Payment Terms: Net 30
Delivery Instructions: Identify before throughout know focus.

Regards,
Group Purchasing Department",1
"Subject: Purchase Order #1409

Dear Hill Group,

This is a purchase order for the following items:

Item: bank
Quantity: 69
Unit Price: $75.21
Total Amount: $3606.53

Purchase Order Number: PO-83113
Customer: Cannon, Patterson and Bell
Contact: Stephanie Daniels
Email: jmeyer@example.com

Delivery Date: 2024-11-19

Best regards,
Cruz, Miller and Hernandez",1
"Subject: Meeting Invitation

Hi Jonathan,

I hope this email finds you well. I'd like to schedule a meeting to discuss our upcoming project.

Proposed Date: 2024-12-17
Proposed Time: 16:33:52

Looking forward to your response.

Best regards,
William Yates",0
"Subject: Monthly Newsletter

Dear Subscriber,

Here's our latest update on Ltd activities.

Key Highlights:
- New product launch
- Upcoming events
- Industry insights

Stay tuned!

Regards,
Marketing Team",0
"Subject: Purchase Order #3902

Dear Johnson LLC,

This is a purchase order for the following items:

Item: politics
Quantity: 51
Unit Price: $425.51
Total Amount: $3342.81

Purchase Order Number: PO-60895
Customer: Ortega LLC
Contact: Alexa Medina
Email: pwilkinson@example.org

Delivery Date: 2024-12-01

Best regards,
Thomas and Sons",1
"Subject: Monthly Newsletter

Dear Subscriber,

Here's our latest update on LLC activities.

Key Highlights:
- New product launch
- Upcoming events
- Industry insights

Stay tuned!

Regards,
Marketing Team",0
"Subject: Purchase Order #4472

Dear Rodgers-Fischer,

This is a purchase order for the following items:

Item: two
Quantity: 43
Unit Price: $491.29
Total Amount: $4406.91

Purchase Order Number: PO-57933
Customer: Gutierrez-Roberts
Contact: Michael Chambers
Email: brent69@example.org

Delivery Date: 2024-12-03

Best regards,
Davis-Stephenson",1
"Subject: Monthly Newsletter

Dear Subscriber,

Here's our latest update on Inc activities.

Key Highlights:
- New product launch
- Upcoming events
- Industry insights

Stay tuned!

Regards,
Marketing Team",0
"Subject: Job Application Acknowledgement

Dear Mary Mccoy,

We have received your job application for the Teacher, English as a foreign language position.

We will review your application and get back to you soon.

Thank you,
Cervantes, Davis and Gibson HR Department",0
"Subject: Job Application Acknowledgement

Dear David Juarez,

We have received your job application for the Chief Strategy Officer position.

We will review your application and get back to you soon.

Thank you,
Vargas LLC HR Department",0
"Subject: Product Order Confirmation

Order Details:
PO Number: PO-11785
Customer: Baker-Smith

Item List:
1. senior - Quantity: 34
2. smile - Quantity: 43

Total Order Value: $8365.59
Payment Terms: Net 30
Delivery Instructions: Compare guy measure building might wait each.

Regards,
Ltd Purchasing Department",1
"Subject: Purchase Order #7233

Dear Perkins PLC,

This is a purchase order for the following items:

Item: tend
Quantity: 3
Unit Price: $414.58
Total Amount: $1127.25

Purchase Order Number: PO-35258
Customer: Little LLC
Contact: Rebekah Ryan
Email: hacosta@example.net

Delivery Date: 2024-12-22

Best regards,
Mcgrath, Griffith and Dennis",1
"Subject: Job Application Acknowledgement

Dear Alisha Perez,

We have received your job application for the Research scientist (life sciences) position.

We will review your application and get back to you soon.

Thank you,
Stevenson, White and Flores HR Department",0
"Subject: Product Order Confirmation

Order Details:
PO Number: PO-38772
Customer: Jones Ltd

Item List:
1. place - Quantity: 17
2. believe - Quantity: 36

Total Order Value: $8879.34
Payment Terms: Net 30
Delivery Instructions: Age nor floor general listen pass.

Regards,
PLC Purchasing Department",1
"Subject: Purchase Order #9617

Dear Cruz-Martinez,

This is a purchase order for the following items:

Item: save
Quantity: 64
Unit Price: $404.74
Total Amount: $4029.19

Purchase Order Number: PO-84297
Customer: Valdez LLC
Contact: Jennifer Johnson
Email: smithmichael@example.org

Delivery Date: 2024-11-30

Best regards,
Garcia, Miller and Torres",1
"Subject: Product Order Confirmation

Order Details:
PO Number: PO-43031
Customer: Simpson-Lee

Item List:
1. in - Quantity: 37
2. scene - Quantity: 43

Total Order Value: $2085.18
Payment Terms: Net 30
Delivery Instructions: Because every indeed.

Regards,
PLC Purchasing Department",1
"Subject: Purchase Order #2265

Dear Bradford PLC,

This is a purchase order for the following items:

Item: may
Quantity: 10
Unit Price: $490.69
Total Amount: $2278.63

Purchase Order Number: PO-51320
Customer: Mora-Mckenzie
Contact: Andrea Salas
Email: llester@example.net

Delivery Date: 2024-11-06

Best regards,
Johnson, Lloyd and Clarke",1
"Subject: Job Application Acknowledgement

Dear Raymond Allison,

We have received your job application for the Engineer, drilling position.

We will review your application and get back to you soon.

Thank you,
Gibbs, Meyer and Payne HR Department",0
"Subject: Product Order Confirmation

Order Details:
PO Number: PO-81348
Customer: Hebert, Long and Johnson

Item List:
1. data - Quantity: 16
2. she - Quantity: 37

Total Order Value: $8149.58
Payment Terms: Net 30
Delivery Instructions: Them of your action theory race.

Regards,
Inc Purchasing Department",1
"Subject: Purchase Order #4451

Dear Williams, Vasquez and Cruz,

This is a purchase order for the following items:

Item: girl
Quantity: 64
Unit Price: $176.61
Total Amount: $763.57

Purchase Order Number: PO-41964
Customer: Thomas-Gross
Contact: Mercedes Miller
Email: laurastevenson@example.com

Delivery Date: 2024-11-18

Best regards,
Franco Inc",1
"Subject: Monthly Newsletter

Dear Subscriber,

Here's our latest update on LLC activities.

Key Highlights:
- New product launch
- Upcoming events
- Industry insights

Stay tuned!

Regards,
Marketing Team",0
"Subject: Monthly Newsletter

Dear Subscriber,

Here's our latest update on Ltd activities.

Key Highlights:
- New product launch
- Upcoming events
- Industry insights

Stay tuned!

Regards,
Marketing Team",0
"Subject: Monthly Newsletter

Dear Subscriber,

Here's our latest update on LLC activities.

Key Highlights:
- New product launch
- Upcoming events
- Industry insights

Stay tuned!

Regards,
Marketing Team",0
"Subject: Meeting Invitation

Hi Jennifer,

I hope this email finds you well. I'd like to schedule a meeting to discuss our upcoming project.

Proposed Date: 2024-12-28
Proposed Time: 19:24:35

Looking forward to your response.

Best regards,
Benjamin Christensen",0
"Subject: Purchase Order #1051

Dear Delacruz, Brown and Hughes,

This is a purchase order for the following items:

Item: southern
Quantity: 59
Unit Price: $198.6
Total Amount: $4490.02

Purchase Order Number: PO-65811
Customer: Faulkner, Jackson and Johnson
Contact: Samuel Ferrell
Email: richardhale@example.net

Delivery Date: 2024-12-25

Best regards,
Harris-Kemp",1
"Subject: Monthly Newsletter

Dear Subscriber,

Here's our latest update on and Sons activities.

Key Highlights:
- New product launch
- Upcoming events
- Industry insights

Stay tuned!

Regards,
Marketing Team",0
"Subject: Monthly Newsletter

Dear Subscriber,

Here's our latest update on Ltd activities.

Key Highlights:
- New product launch
- Upcoming events
- Industry insights

Stay tuned!

Regards,
Marketing Team",0
"Subject: Product Order Confirmation

Order Details:
PO Number: PO-56801
Customer: Thompson-Torres

Item List:
1. necessary - Quantity: 43
2. meeting - Quantity: 9

Total Order Value: $9836.57
Payment Terms: Net 30
Delivery Instructions: Father worker south rise specific to car.

Regards,
Inc Purchasing Department",1
"Subject: Product Order Confirmation

Order Details:
PO Number: PO-18340
Customer: Dickson Group

Item List:
1. agree - Quantity: 37
2. feel - Quantity: 40

Total Order Value: $2945.42
Payment Terms: Net 30
Delivery Instructions: Face teach thus PM.

Regards,
LLC Purchasing Department",1
"Subject: Product Order Confirmation

Order Details:
PO Number: PO-58646
Customer: Marquez-Mills

Item List:
1. room - Quantity: 34
2. tend - Quantity: 10

Total Order Value: $5804.24
Payment Terms: Net 30
Delivery Instructions: What leader include memory stop condition.

Regards,
Ltd Purchasing Department",1
"Subject: Monthly Newsletter

Dear Subscriber,

Here's our latest update on LLC activities.

Key Highlights:
- New product launch
- Upcoming events
- Industry insights

Stay tuned!

Regards,
Marketing Team",0
"Subject: Product Order Confirmation

Order Details:
PO Number: PO-98968
Customer: Jordan-Rios

Item List:
1. small - Quantity: 3
2. here - Quantity: 31

Total Order Value: $879.29
Payment Terms: Net 30
Delivery Instructions: Property part agree carry rock ahead letter.

Regards,
PLC Purchasing Department",1
"Subject: Monthly Newsletter

Dear Subscriber,

Here's our latest update on Inc activities.

Key Highlights:
- New product launch
- Upcoming events
- Industry insights

Stay tuned!

Regards,
Marketing Team",0
"Subject: Job Application Acknowledgement

Dear Brian Gomez,

We have received your job application for the Company secretary position.

We will review your application and get back to you soon.

Thank you,
Martinez, Gilbert and Moreno HR Department",0
"Subject: Meeting Invitation

Hi Bryan,

I hope this email finds you well. I'd like to schedule a meeting to discuss our upcoming project.

Proposed Date: 2024-12-09
Proposed Time: 04:39:20

Looking forward to your response.

Best regards,
Ann Lowe",0
"Subject: Product Order Confirmation

Order Details:
PO Number: PO-86656
Customer: Crane-Jackson

Item List:
1. nation - Quantity: 15
2. vote - Quantity: 19

Total Order Value: $6933.96
Payment Terms: Net 30
Delivery Instructions: Set cultural sell drop conference door.

Regards,
Ltd Purchasing Department",1
"Subject: Purchase Order #8069

Dear Jones, Keller and Waller,

This is a purchase order for the following items:

Item: day
Quantity: 42
Unit Price: $302.41
Total Amount: $134.56

Purchase Order Number: PO-48611
Customer: Oliver LLC
Contact: Randall Smith
Email: donna14@example.com

Delivery Date: 2024-11-21

Best regards,
Carroll, Reed and Cummings",1
"Subject: Product Order Confirmation

Order Details:
PO Number: PO-80349
Customer: Johnson, Walker and Smith

Item List:
1. growth - Quantity: 27
2. cause - Quantity: 30

Total Order Value: $9350.96
Payment Terms: Net 30
Delivery Instructions: Later behavior measure list often.

Regards,
Inc Purchasing Department",1
"Subject: Monthly Newsletter

Dear Subscriber,

Here's our latest update on Inc activities.

Key Highlights:
- New product launch
- Upcoming events
- Industry insights

Stay tuned!

Regards,
Marketing Team",0
"Subject: Job Application Acknowledgement

Dear William Vaughn,

We have received your job application for the Geophysical data processor position.

We will review your application and get back to you soon.

Thank you,
Lynch Ltd HR Department",0
"Subject: Product Order Confirmation

Order Details:
PO Number: PO-73751
Customer: Simmons LLC

Item List:
1. all - Quantity: 20
2. book - Quantity: 23

Total Order Value: $8819.89
Payment Terms: Net 30
Delivery Instructions: Simple site special today test rule total.

Regards,
LLC Purchasing Department",1
"Subject: Purchase Order #4784

Dear Hansen Inc,

This is a purchase order for the following items:

Item: while
Quantity: 56
Unit Price: $416.61
Total Amount: $331.35

Purchase Order Number: PO-18503
Customer: Ryan-Massey
Contact: Marc Clark
Email: whitejeffrey@example.net

Delivery Date: 2024-11-15

Best regards,
Gutierrez PLC",1
"Subject: Monthly Newsletter

Dear Subscriber,

Here's our latest update on LLC activities.

Key Highlights:
- New product launch
- Upcoming events
- Industry insights

Stay tuned!

Regards,
Marketing Team",0
"Subject: Purchase Order #9119

Dear Olsen-Taylor,

This is a purchase order for the following items:

Item: you
Quantity: 36
Unit Price: $292.44
Total Amount: $4688.74

Purchase Order Number: PO-97948
Customer: Barker Inc
Contact: Jamie Fox
Email: scott25@example.org

Delivery Date: 2024-11-26

Best regards,
Fernandez-Haney",1
"Subject: Product Order Confirmation

Order Details:
PO Number: PO-11975
Customer: Hill Inc

Item List:
1. issue - Quantity: 39
2. some - Quantity: 35

Total Order Value: $931.55
Payment Terms: Net 30
Delivery Instructions: Difference current effort shoulder control degree office.

Regards,
PLC Purchasing Department",1
"Subject: Product Order Confirmation

Order Details:
PO Number: PO-57515
Customer: Ali-Pineda

Item List:
1. expect - Quantity: 29
2. go - Quantity: 35

Total Order Value: $8389.63
Payment Terms: Net 30
Delivery Instructions: Worker program threat use attorney.

Regards,
LLC Purchasing Department",1
"Subject: Product Order Confirmation

Order Details:
PO Number: PO-30904
Customer: Collins, Strickland and Hughes

Item List:
1. future - Quantity: 11
2. people - Quantity: 4

Total Order Value: $7496.36
Payment Terms: Net 30
Delivery Instructions: Want involve compare walk course firm deal.

Regards,
PLC Purchasing Department",1
"Subject: Purchase Order #9715

Dear Wilson, Lee and Lawrence,

This is a purchase order for the following items:

Item: exist
Quantity: 68
Unit Price: $143.47
Total Amount: $3536.08

Purchase Order Number: PO-80467
Customer: Chapman LLC
Contact: Justin Miller
Email: todd90@example.net

Delivery Date: 2024-12-02

Best regards,
Jackson-Heath",1
"Subject: Monthly Newsletter

Dear Subscriber,

Here's our latest update on Inc activities.

Key Highlights:
- New product launch
- Upcoming events
- Industry insights

Stay tuned!

Regards,
Marketing Team",0
"Subject: Product Order Confirmation

Order Details:
PO Number: PO-42491
Customer: Cummings-Meyers

Item List:
1. wonder - Quantity: 1
2. these - Quantity: 8

Total Order Value: $8522.49
Payment Terms: Net 30
Delivery Instructions: Those end treatment operation claim economic play.

Regards,
Group Purchasing Department",1
"Subject: Purchase Order #2954

Dear Steele-White,

This is a purchase order for the following items:

Item: everything
Quantity: 14
Unit Price: $18.14
Total Amount: $4092.99

Purchase Order Number: PO-52672
Customer: Cabrera-Riggs
Contact: Brandon Moore
Email: jrobertson@example.com

Delivery Date: 2024-12-24

Best regards,
Adams, Fuller and Welch",1
"Subject: Product Order Confirmation

Order Details:
PO Number: PO-33338
Customer: Miller-Vargas

Item List:
1. together - Quantity: 19
2. become - Quantity: 36

Total Order Value: $6223.46
Payment Terms: Net 30
Delivery Instructions: Professor financial free.

Regards,
Ltd Purchasing Department",1
"Subject: Monthly Newsletter

Dear Subscriber,

Here's our latest update on Ltd activities.

Key Highlights:
- New product launch
- Upcoming events
- Industry insights

Stay tuned!

Regards,
Marketing Team",0
"Subject: Monthly Newsletter

Dear Subscriber,

Here's our latest update on Ltd activities.

Key Highlights:
- New product launch
- Upcoming events
- Industry insights

Stay tuned!

Regards,
Marketing Team",0
"Subject: Purchase Order #3610

Dear Fischer-Hawkins,

This is a purchase order for the following items:

Item: media
Quantity: 29
Unit Price: $449.26
Total Amount: $2962.84

Purchase Order Number: PO-22873
Customer: Mullins, Clark and Velez
Contact: Derek Brown
Email: daniellewaters@example.net

Delivery Date: 2025-01-01

Best regards,
Smith-Moore",1
"Subject: Purchase Order #3246

Dear Mills, Moore and Hebert,

This is a purchase order for the following items:

Item: should
Quantity: 17
Unit Price: $167.06
Total Amount: $1416.37

Purchase Order Number: PO-30277
Customer: Vincent Group
Contact: Thomas Miller
Email: blanchardcorey@example.net

Delivery Date: 2024-11-27

Best regards,
Phillips Inc",1
"Subject: Job Application Acknowledgement

Dear Shane Ryan,

We have received your job application for the Accounting technician position.

We will review your application and get back to you soon.

Thank you,
Cooper-Miller HR Department",0
